{
  "links": [],
  "_embedded": [
    {
      "id": "0",
      "value": "0"
    }
  ],
  "_response": {
    "status": 200,
    "timestamp": {
      "init": "2021-07-19T16:14:51.420+02:00",
      "end": "2021-07-19T16:14:51.422+02:00"
    },
    "duration": 2,
    "path": "/api/salud/protocols/551/subprotocols/0/versions",
    "api": "http://serviciossaludinte.caser.local:11200/lib-core-salud-sb/api/salud/protocols/551/subprotocols/0/versions",
    "version": "1.0-SNAPSHOT",
    "server": "lint-springboot01.caser.local:32040",
    "environment": "Local",
    "trace_id": "d9a2528a4edcac63",
    "span_id": "d9a2528a4edcac63"
  }
}
