{
  "serviceId": "BuscarValorClienteSRV",
  "outputMap": {
      "intervId": 537636081,
      "antiguedad": 8,
      "denTpoClie": "Oro",
      "documento": "12345678Z",
      "idTpoClie": 4,
      "numPolVig": 1,
      "ratioSP": 0,
      "segValor": "M",
      "vinculacion": "BAJA",
      "nombre": "JOHN",
      "apellido1": "DOE",
      "apellido2": "GARCIA",
      "razonSocial": "",
      "sexo": "2",
      "fechaNacimiento": "30/11/1973",
      "nombreCausa": "",
      "causaModifSeg": ""
  }
}
