{
  "serviceId": "PosicionGlobalSRV",
  "outputMap": {
    "segurosGenerales": [
      {
        "codCiaDgs": "C0000",
        "nombreCodCiaDgs": "PRUEBAS",
        "fechaInicio": "2012-07-04 00:00:00.0",
        "fechaFin": null,
        "nombreProducto": "PRUEBA",
        "numPoliza": "0",
        "numCertificado": "000000",
        "fechaAnulacion": "2012-07-04 00:00:00.0",
        "fechaGrabacionAnulacion": null,
        "ramo": "00",
        "moda": "00",
        "submoda": "000",
        "estadoPoliza": "ANULADO",
        "puntoVenta": "00000",
        "csbc": "0000",
        "oficina": null,
        "riesgoPoliza": "RIESGO POLIZA DE PRUEBA",
        "importeUltimoRecibo": "0",
        "indVigilancia": null,
        "indCentralizado": null,
        "idioma": null,
        "idMom": 1,
        "status": "2",
        "ciaCaser": "0000",
        "codDistrCom": "0000",
        "impPriTot": 0,
        "primaAnul": 1,
        "nombre": null,
        "apellido1": null,
        "apellido2": null,
        "razonSocial": "PRUEBAS CASER",
        "tipoPersona": "JURIDICA",
        "nProto": null,
        "idApl": 1,
        "idPrdPpto": 1,
        "denProductoPresupuestario": "R. CIVIL GENERAL"
      },
      {
        "codCiaDgs": "C0000",
        "nombreCodCiaDgs": "PRUEBA 2",
        "fechaInicio": "2012-06-26 00:00:00.0",
        "fechaFin": null,
        "nombreProducto": "RC-GENERAL",
        "numPoliza": "0",
        "numCertificado": "0000000",
        "fechaAnulacion": "2014-06-30 00:00:00.0",
        "fechaGrabacionAnulacion": "2014-06-30 00:00:00.0",
        "ramo": "00",
        "moda": "00",
        "submoda": "000",
        "estadoPoliza": "ANULADO",
        "puntoVenta": "0000000",
        "csbc": "0000",
        "oficina": null,
        "riesgoPoliza": "RIESGO POLIZA PRUEBA 2",
        "importeUltimoRecibo": "5307.5",
        "indVigilancia": "0",
        "indCentralizado": null,
        "idioma": null,
        "idMom": 1,
        "status": "2",
        "ciaCaser": "0000",
        "codDistrCom": "0000",
        "impPriTot": 0,
        "primaAnul": 1,
        "nombre": null,
        "apellido1": null,
        "apellido2": null,
        "razonSocial": "PRUEBAS CASER 2",
        "tipoPersona": "JURIDICA",
        "nProto": null,
        "idApl": 1,
        "idPrdPpto": 1,
        "denProductoPresupuestario": "R. CIVIL GENERAL"
      }
    ],
    "retorno": 0,
    "mensaje": ""
  }
}
