{
  "links": [],
  "_embedded": [
    {
      "id": "0",
      "value": "MUFACE"
    }
  ],
  "_response": {
    "status": 200,
    "timestamp": {
      "init": "2021-07-19T16:14:06.853+02:00",
      "end": "2021-07-19T16:14:06.864+02:00"
    },
    "duration": 11,
    "path": "/api/salud/protocols/551/subprotocols",
    "api": "http://serviciossaludinte.caser.local:11200/lib-core-salud-sb/api/salud/protocols/551/subprotocols",
    "version": "1.0-SNAPSHOT",
    "server": "lint-springboot01.caser.local:32040",
    "environment": "Local",
    "trace_id": "b5dd06735733cbb2",
    "span_id": "b5dd06735733cbb2"
  }
}
