{
	"links": [],
	"_embedded": [
		{
			"id": "551",
			"value": "MUFACE"
		},
		{
			"id": "0",
			"value": "PROTOCOLO VACIO"
		},
		{
			"id": "552",
			"value": "ISFAS"
		},
		{
			"id": "553",
			"value": "MUGEJU"
		},
		{
			"id": "1",
			"value": "CLIENTES"
		},
		{
			"id": "5",
			"value": "CLIENTES PRESTIGIO"
		},
		{
			"id": "11",
			"value": "CLIENTES CAT"
		},
		{
			"id": "51",
			"value": "CLIENTES PREST CAT"
		},
		{
			"id": "554",
			"value": "ISFAS B"
		},
		{
			"id": "555",
			"value": "ISFAS C"
		},
		{
			"id": "945",
			"value": "SEGURFER XXI"
		},
		{
			"id": "971",
			"value": "VIESGO"
		},
		{
			"id": "130",
			"value": "CORTEFIEL"
		},
		{
			"id": "1247",
			"value": "ARAMON"
		},
		{
			"id": "254",
			"value": "EMPLEADOS CAM"
		},
		{
			"id": "255",
			"value": "FAM CAM SALARIO FLEXIBLE"
		},
		{
			"id": "256",
			"value": "EMPLEADOS CAM TEMPORALES"
		},
		{
			"id": "1000",
			"value": "EMPRESAS HASTA 10"
		},
		{
			"id": "1001",
			"value": "EMPRESAS 10 A 20"
		},
		{
			"id": "247",
			"value": "HIDROCANTABRICO"
		},
		{
			"id": "1300",
			"value": "GRUPO AMMA GEROSGESTION"
		},
		{
			"id": "2011",
			"value": "CSI-CSIF ANDALUCIA"
		},
		{
			"id": "41",
			"value": "R & R MUFACE"
		},
		{
			"id": "244",
			"value": "EDP RENOVABLES"
		},
		{
			"id": "1005",
			"value": "PYMES PRESTIGIO 0 A 9"
		},
		{
			"id": "1006",
			"value": "PYMES PRESTIGIO 10 A 20"
		},
		{
			"id": "3545",
			"value": "SALUD ACTIVA"
		},
		{
			"id": "3546",
			"value": "CASER MEDICA"
		},
		{
			"id": "3547",
			"value": "CLIENTES ADAPTA"
		},
		{
			"id": "6666",
			"value": "PRUEBAS WEB COLECTIVOS"
		},
		{
			"id": "2000",
			"value": "PYMES INTEGRAL 2011"
		},
		{
			"id": "2300",
			"value": "PYMES MEDICA 2011"
		},
		{
			"id": "2500",
			"value": "PYMES PRESTIGIO 2011"
		},
		{
			"id": "2001",
			"value": "PYMES 1-3"
		},
		{
			"id": "2002",
			"value": "PYMES 4-20"
		},
		{
			"id": "2003",
			"value": "PYMES 21-50"
		},
		{
			"id": "2301",
			"value": "PYMES MEDICA 1-3"
		},
		{
			"id": "2302",
			"value": "PYMES MEDICA 4-20"
		},
		{
			"id": "2303",
			"value": "PYMES MEDICA 21-50"
		},
		{
			"id": "2501",
			"value": "PYMES PRESTIGIO 1-3"
		},
		{
			"id": "2502",
			"value": "PYMES PRESTIGIO 4-20"
		},
		{
			"id": "2503",
			"value": "PYMES PRESTIGIO 21-50"
		},
		{
			"id": "1674",
			"value": "GENERAL OPTICAS"
		},
		{
			"id": "2710",
			"value": "PYMES ABIERTO MSD"
		},
		{
			"id": "1444",
			"value": "HUMANLINE"
		},
		{
			"id": "2711",
			"value": "PYMES 1 - 3 MSD"
		},
		{
			"id": "2712",
			"value": "PYMES 4 - 20 MSD"
		},
		{
			"id": "2713",
			"value": "PYMES 21 - 50 MSD"
		},
		{
			"id": "2750",
			"value": "PYMES PREST ABIERTO MSD"
		},
		{
			"id": "2751",
			"value": "PYMES PREST ABIERTO MSD"
		},
		{
			"id": "2752",
			"value": "PYMES PREST 4-20 MSD"
		},
		{
			"id": "2753",
			"value": "PYMES PREST 21-50 MSD"
		},
		{
			"id": "2730",
			"value": "PYMES MEDICA ABIERTO MSD"
		},
		{
			"id": "2731",
			"value": "PYMES MEDICA 1-3 MSD"
		},
		{
			"id": "2732",
			"value": "PYMES MEDICA 4-20 MSD"
		},
		{
			"id": "2733",
			"value": "PYMES MEDICA 21-50 MSD"
		},
		{
			"id": "1447",
			"value": "HUMAN LINE COLECTIVOS"
		},
		{
			"id": "2081",
			"value": "PYME LINEAL 1-3"
		},
		{
			"id": "2082",
			"value": "PYME LINEAL 4-20"
		},
		{
			"id": "3531",
			"value": "ACHMEA"
		},
		{
			"id": "3532",
			"value": "HOSPITALIZACION CUN"
		},
		{
			"id": "3357",
			"value": "EMP CAM-MSD MEDICA"
		},
		{
			"id": "257",
			"value": "EMPLEADOS CAM - MSD INTEGRAL"
		},
		{
			"id": "259",
			"value": "FAMILIARES DE CAM-MSD"
		},
		{
			"id": "2012",
			"value": "PYME 1-3 RETENCION"
		},
		{
			"id": "3561",
			"value": "SONRISA ESENCIAL"
		},
		{
			"id": "199",
			"value": "POLIZAS NO CEDIDAS CAJASOL"
		},
		{
			"id": "2013",
			"value": "PYME 1-3 RETENCION CAJASOL"
		},
		{
			"id": "4000",
			"value": "CAMPAÑA CAJAS"
		},
		{
			"id": "4500",
			"value": "CAMPAÑA CAJAS PRESTIGIO"
		},
		{
			"id": "4200",
			"value": "CAMPAÑA CAJAS ACTIVA"
		},
		{
			"id": "4300",
			"value": "CAMPAÑA CAJAS MEDICA"
		},
		{
			"id": "4001",
			"value": "VENTA CRUZADA 1"
		},
		{
			"id": "4501",
			"value": "VENTA CRUZADA 1 PREST"
		},
		{
			"id": "4201",
			"value": "VENTA CRUZADA 1 ACTIVA"
		},
		{
			"id": "4301",
			"value": "VENTA CRUZADA 1 MEDICA"
		},
		{
			"id": "4002",
			"value": "VENTA CRUZADA 2"
		},
		{
			"id": "4502",
			"value": "VENTA CRUZADA 2 PREST"
		},
		{
			"id": "4202",
			"value": "VENTA CRUZADA 2 ACTIVA"
		},
		{
			"id": "4302",
			"value": "VENTA CRUZADA 2 MEDICA"
		},
		{
			"id": "4003",
			"value": "CAJAS NOMINA"
		},
		{
			"id": "4503",
			"value": "CAJAS NOMINA PREST"
		},
		{
			"id": "4203",
			"value": "CAJAS NOMINA ACTIVA"
		},
		{
			"id": "4303",
			"value": "CAJAS NOMINA MEDICA"
		},
		{
			"id": "3000",
			"value": "CAMPAÑA CAJASOL"
		},
		{
			"id": "3500",
			"value": "CAMPAÑA CAJASOL PRESTIGIO"
		},
		{
			"id": "3200",
			"value": "CAMPAÑA CAJASOL ACTIVA"
		},
		{
			"id": "3300",
			"value": "CAMPAÑA CAJASOL MEDICA"
		},
		{
			"id": "3001",
			"value": "CAJASOL V CRUZADA 1"
		},
		{
			"id": "3501",
			"value": "CAJASOL V CRUZADA 1 PREST"
		},
		{
			"id": "3201",
			"value": "CAJASOL V CRUZADA 1 ACTIVA"
		},
		{
			"id": "3301",
			"value": "CAJASOL V CRUZADA 1 MEDICA"
		},
		{
			"id": "3002",
			"value": "VENTA CRUZADA 2"
		},
		{
			"id": "3502",
			"value": "CAJASOL V CRUZADA 2 PREST"
		},
		{
			"id": "3202",
			"value": "CAJASOL V CRUZADA 2 ACTIVA"
		},
		{
			"id": "3302",
			"value": "CAJASOL V CRUZADA 2 MEDICA"
		},
		{
			"id": "3003",
			"value": "CAJASOL NOMINA"
		},
		{
			"id": "3503",
			"value": "CAJASOL NOMINA PREST"
		},
		{
			"id": "3203",
			"value": "CAJASOL NOMINA ACTIVA"
		},
		{
			"id": "3303",
			"value": "CAJASOL NOMINA MEDICA"
		},
		{
			"id": "4004",
			"value": "CAMPAÑA SA NOSTRA"
		},
		{
			"id": "4005",
			"value": "SA NOSTRA VENTA CRUZADA 1"
		},
		{
			"id": "4006",
			"value": "SA NOSTRA VENTA CRUZADA 2"
		},
		{
			"id": "4007",
			"value": "SA NOSTRA CAJAS NOMINA"
		},
		{
			"id": "3533",
			"value": "HOSPITALIZACION CUN TLMK"
		},
		{
			"id": "3541",
			"value": "PRESTIGIO ORO"
		},
		{
			"id": "3548",
			"value": "ACTIVA ORO"
		},
		{
			"id": "3549",
			"value": "MEDICA ORO"
		},
		{
			"id": "2005",
			"value": "PYMES INT UNISEX 1-3"
		},
		{
			"id": "2004",
			"value": "PYMES UNISEX ABIERTO"
		},
		{
			"id": "2006",
			"value": "PYMES INT UNISEX 4-20"
		},
		{
			"id": "2007",
			"value": "PYMES INT UNISEX 21-50"
		},
		{
			"id": "2504",
			"value": "PYMES PREST UNISEX ABIERTO"
		},
		{
			"id": "2505",
			"value": "PYMES PREST UNISEX 1-3"
		},
		{
			"id": "2506",
			"value": "PYMES PREST UNISEX 4-20"
		},
		{
			"id": "2507",
			"value": "PYMES PREST UNISEX 21-50"
		},
		{
			"id": "2304",
			"value": "PYMES MEDICA UNISEX ABIERTO"
		},
		{
			"id": "2305",
			"value": "PYMES MEDICA UNISEX 1-3"
		},
		{
			"id": "2306",
			"value": "PYMES MEDICA UNISEX 4-20"
		},
		{
			"id": "2307",
			"value": "PYMES MEDICA UNISEX 21-50"
		},
		{
			"id": "280",
			"value": "EMPLEADOS Y FAM GRUPO BMN"
		},
		{
			"id": "1356",
			"value": "RACE"
		},
		{
			"id": "290",
			"value": "GRUPO BANCO SABADELL"
		},
		{
			"id": "3390",
			"value": "GRUPO BANCO SABADELL MEDICA"
		},
		{
			"id": "2100",
			"value": "AUTONOMOS INTE"
		},
		{
			"id": "3100",
			"value": "AUTONOMOS MEDICA"
		},
		{
			"id": "5100",
			"value": "AUTONOMOS PREST"
		},
		{
			"id": "2015",
			"value": "PYME BMN INT 1-3"
		},
		{
			"id": "2315",
			"value": "PYME BMN MEDICA 1-3"
		},
		{
			"id": "2515",
			"value": "PYME BMN PRESTIGIO 1-3"
		},
		{
			"id": "2016",
			"value": "PYME PROMOTORES INT 2-20"
		},
		{
			"id": "2316",
			"value": "PYME PROMOTORES MEDICA 2-20"
		},
		{
			"id": "2516",
			"value": "PYME PROMOTORES PRESTIGIO 2-20"
		},
		{
			"id": "2017",
			"value": "PYME PROMOTORES INT 21-50"
		},
		{
			"id": "2317",
			"value": "PYME PROMOTORES MEDICA 21-50"
		},
		{
			"id": "2517",
			"value": "PYME PROMOTORES PRESTIGIO 21-50"
		},
		{
			"id": "3569",
			"value": "SONRISA PERFECTA TLMK"
		},
		{
			"id": "3566",
			"value": "SONRISA PERFECTA OFICINAS"
		},
		{
			"id": "150",
			"value": "GRUPO DE EMPRESAS BIMBO"
		},
		{
			"id": "2014",
			"value": "PYME PROMOTORES AB 1-3"
		},
		{
			"id": "2314",
			"value": "PYME PROMOTORES MEDICA AB 1-3"
		},
		{
			"id": "2514",
			"value": "PYME PROMOTORES PRETIGIO AB 1-3"
		},
		{
			"id": "315",
			"value": "IBERCAJA FLEXIBLE"
		},
		{
			"id": "2103",
			"value": "PYME INT UNIFAMILIAR"
		},
		{
			"id": "3103",
			"value": "PYME MEDICA UNIFAMILIAR"
		},
		{
			"id": "5103",
			"value": "PYME PREST UNIFAMILIAR"
		},
		{
			"id": "2356",
			"value": "RACE DIRECTIVOS"
		},
		{
			"id": "20",
			"value": "PYME PROMOTORES"
		},
		{
			"id": "3557",
			"value": "CASER ADAPTA + SONRISA ESENCIAL"
		},
		{
			"id": "3554",
			"value": "CASER SALUD INICIA"
		},
		{
			"id": "4103",
			"value": "PYME UNI ACTIVA"
		},
		{
			"id": "4100",
			"value": "AUTONOMOS ACTIVA"
		},
		{
			"id": "4114",
			"value": "AUT IBERCAJA PROMOTORES"
		},
		{
			"id": "4314",
			"value": "PYME UNI IBERCAJA PROMO"
		},
		{
			"id": "2400",
			"value": "PYMES ACTIVA ABIERTO"
		},
		{
			"id": "2402",
			"value": "PYMES ACTIVA CERRADO"
		},
		{
			"id": "2414",
			"value": "PYME ACTIVA AB PROMOTORES"
		},
		{
			"id": "2416",
			"value": "PYME ACTIVA CERRA PROMOTORES"
		},
		{
			"id": "5971",
			"value": "VIESGO CUADRO MEDICO"
		},
		{
			"id": "5975",
			"value": "VIESGO REEMBOLSO"
		},
		{
			"id": "3571",
			"value": "TU SONRISA SEVILLANA"
		},
		{
			"id": "5961",
			"value": "VIESGO DENTAL_OPTICA_FARMACIA"
		},
		{
			"id": "3572",
			"value": "CASER DENTAL SONRIE"
		},
		{
			"id": "3562",
			"value": "PYME SON ESENCIAL CERRADO"
		},
		{
			"id": "3574",
			"value": "PACK FAMILIAS INTEGRAL"
		},
		{
			"id": "3573",
			"value": "PACK FAMILIAS MEDICA"
		},
		{
			"id": "3014",
			"value": "RED EMPRESAS UNICAJA ESPAÑA DUERO AB"
		},
		{
			"id": "3016",
			"value": "RED EMPRESAS UNICAJA ESPAÑADUERO C"
		},
		{
			"id": "3552",
			"value": "CUN ELITE"
		},
		{
			"id": "3582",
			"value": "SALUD DEPORTISTA"
		},
		{
			"id": "3553",
			"value": "CASER CONTIGO GRAVES"
		},
		{
			"id": "1402",
			"value": "ACTIVA COLECTIVOS CERRADO"
		},
		{
			"id": "1986",
			"value": "GRUPO BONY"
		},
		{
			"id": "2020",
			"value": "ERTE INTEGRAL"
		},
		{
			"id": "456",
			"value": "CONFIANDO"
		},
		{
			"id": "710",
			"value": "CASER VALORES E INVERSIONES"
		},
		{
			"id": "3543",
			"value": "CASER DOCTORFY (DIGITAL)"
		},
		{
			"id": "8888",
			"value": "MEDICA VIAJE"
		}
	],
	"_response": {
		"status": 200,
		"timestamp": {
			"init": "2021-07-19T15:57:43.268+02:00",
			"end": "2021-07-19T15:57:43.273+02:00"
		},
		"duration": 5,
		"path": "/api/salud/protocols/",
		"api": "http://serviciossaludinte.caser.local:11200/lib-core-salud-sb/api/salud/protocols/",
		"version": "1.0-SNAPSHOT",
		"server": "lint-springboot02.caser.local:32040",
		"environment": "Local",
		"trace_id": "d363c4540ced1646",
		"span_id": "d363c4540ced1646"
	}
}
