{
  "Response": {
    "TID": "9ad66f30-980e-4137-84b4-4018ec8c547c",
    "BeginDate": "/Date(1600939434995+0200)/",
    "EndDate": "/Date(1600939435323+0200)/",
    "Code": 0,
    "Description": "OK",
    "Server": "DM10-TEST-02.CASER.LOCAL:8753",
    "Environment": "TEST"
  },
  "Length": 2,
  "PropertyList": [
    [
      {
        "Key": "USER_ID",
        "Value": "EXPSCPEN01"
      },
      {
        "Key": "FULL_NAME",
        "Value": "PAULA"
      },
      {
        "Key": "AGRUPACION_ID",
        "Value": "002"
      },
      {
        "Key": "AGRUPACION_CLAVE",
        "Value": "POL"
      },
      {
        "Key": "AGRUPACION_DESC",
        "Value": "PÓLIZAS"
      },
      {
        "Key": "CREACION",
        "Value": "S"
      },
      {
        "Key": "EDICION",
        "Value": "S"
      },
      {
        "Key": "CONSULTA",
        "Value": "S"
      },
      {
        "Key": "ACTIVACION",
        "Value": "S"
      },
      {
        "Key": "BORRADO",
        "Value": "S"
      },
      {
        "Key": "ANULACION",
        "Value": "S"
      },
      {
        "Key": "ERRONEO",
        "Value": "S"
      },
      {
        "Key": "VERSIONAR",
        "Value": "S"
      }
    ],
    [
      {
        "Key": "USER_ID",
        "Value": "EXPSCPEN01"
      },
      {
        "Key": "FULL_NAME",
        "Value": "PAULA"
      },
      {
        "Key": "AGRUPACION_ID",
        "Value": "010"
      },
      {
        "Key": "AGRUPACION_CLAVE",
        "Value": "DIV"
      },
      {
        "Key": "AGRUPACION_DESC",
        "Value": "DOCUMENTACIÓN INFORMES VIDA"
      },
      {
        "Key": "CREACION",
        "Value": "S"
      },
      {
        "Key": "EDICION",
        "Value": "N"
      },
      {
        "Key": "CONSULTA",
        "Value": "S"
      },
      {
        "Key": "ACTIVACION",
        "Value": "N"
      },
      {
        "Key": "BORRADO",
        "Value": "N"
      },
      {
        "Key": "ANULACION",
        "Value": "N"
      },
      {
        "Key": "ERRONEO",
        "Value": "S"
      },
      {
        "Key": "VERSIONAR",
        "Value": "N"
      }
    ]
  ],
  "Titles": [
    {
      "Key": "USER_ID",
      "Value": "Usuario ID"
    },
    {
      "Key": "FULL_NAME",
      "Value": "Nombre completo"
    },
    {
      "Key": "AGRUPACION_ID",
      "Value": "Agr. ID"
    },
    {
      "Key": "AGRUPACION_CLAVE",
      "Value": "Clave"
    },
    {
      "Key": "AGRUPACION_DESC",
      "Value": "Agrupación"
    },
    {
      "Key": "CREACION",
      "Value": "Creación"
    },
    {
      "Key": "EDICION",
      "Value": "Edición"
    },
    {
      "Key": "CONSULTA",
      "Value": "Consulta"
    },
    {
      "Key": "ACTIVACION",
      "Value": "Activación"
    },
    {
      "Key": "BORRADO",
      "Value": "Borrado"
    },
    {
      "Key": "ANULACION",
      "Value": "Anulación"
    },
    {
      "Key": "ERRONEO",
      "Value": "Erróneo"
    },
    {
      "Key": "VERSIONAR",
      "Value": "Versionar"
    }
  ]
}
