{
  "Response": {
      "TID": "9ad66f30-980e-4137-84b4-4018ec8c547c",
      "BeginDate": "/Date(1600791259645+0200)/",
      "EndDate": "/Date(1600791259918+0200)/",
      "Code": 0,
      "Description": "OK",
      "Server": "DM10-TEST-02.CASER.LOCAL:8753",
      "Environment": "TEST"
  },
  "Length": 1,
  "PropertyList": [
      [
          {
              "Key": "AGRUPACION_ID",
              "Value": "002"
          },
          {
              "Key": "AGRUPACION_DESC",
              "Value": "PÓLIZAS"
          },
          {
              "Key": "SETTING",
              "Value": "O[DOCNUM];O[DOCNAME];O[ESTADO_DESC];O[TIPO_ID];O[TIPO_DESC];O[CIA_ID];RAMO_ID;MODA_ID;SUBMODA_ID;COLECTIVA;CERTIFICADO;O[AUTHOR_ID];NIF;CREATION_DATE"
          }
      ]
  ],
  "Titles": [
      {
          "Key": "AGRUPACION_ID",
          "Value": "Agrupación ID"
      },
      {
          "Key": "AGRUPACION_DESC",
          "Value": "Agrupación"
      },
      {
          "Key": "SETTING",
          "Value": "Configuración"
      }
  ]
}
