{
  "Response": {
    "TID": "9ad66f30-980e-4137-84b4-4018ec8c547c",
    "BeginDate": "/Date(1602084197822+0200)/",
    "EndDate": "/Date(1602084199858+0200)/",
    "Code": 0,
    "Description": "OK",
    "Server": "DM10-TEST-02.CASER.LOCAL:8751",
    "Environment": "TEST"
  },
  "PropertyList": [
    [
      {
        "Key": "DOCNUM",
        "Value": "255063"
      },
      {
        "Key": "DOCNAME",
        "Value": "Doc. Previo #255063#"
      },
      {
        "Key": "ESTADO_DESC",
        "Value": "ACTIVO"
      },
      {
        "Key": "TIPO_ID",
        "Value": "4000"
      },
      {
        "Key": "TIPO_DESC",
        "Value": "DOC. PREVIO"
      },
      {
        "Key": "CIA_ID",
        "Value": "0001"
      },
      {
        "Key": "RAMO_ID",
        "Value": "29"
      },
      {
        "Key": "MODA_ID",
        "Value": "00"
      },
      {
        "Key": "SUBMODA_ID",
        "Value": "000"
      },
      {
        "Key": "COLECTIVA",
        "Value": ""
      },
      {
        "Key": "CERTIFICADO",
        "Value": ""
      },
      {
        "Key": "AUTHOR_ID",
        "Value": "U_DIG_MAS_1"
      },
      {
        "Key": "NIF",
        "Value": ""
      },
      {
        "Key": "CREATION_DATE",
        "Value": "25/11/2004 15:26:41"
      },
      {
        "Key": "AGRUPACION_ID",
        "Value": "002"
      },
      {
        "Key": "STORAGE",
        "Value": "A"
      },
      {
        "Key": "FILE_EXTENSION",
        "Value": "tif"
      },
      {
        "Key": "MIME_TYPE",
        "Value": "image/tiff"
      }
    ],
    [
      {
        "Key": "DOCNUM",
        "Value": "255100"
      },
      {
        "Key": "DOCNAME",
        "Value": "Doc. Previo #255100#"
      },
      {
        "Key": "ESTADO_DESC",
        "Value": "ACTIVO"
      },
      {
        "Key": "TIPO_ID",
        "Value": "4000"
      },
      {
        "Key": "TIPO_DESC",
        "Value": "DOC. PREVIO"
      },
      {
        "Key": "CIA_ID",
        "Value": "0001"
      },
      {
        "Key": "RAMO_ID",
        "Value": "21"
      },
      {
        "Key": "MODA_ID",
        "Value": "01"
      },
      {
        "Key": "SUBMODA_ID",
        "Value": "000"
      },
      {
        "Key": "COLECTIVA",
        "Value": "0"
      },
      {
        "Key": "CERTIFICADO",
        "Value": "356241"
      },
      {
        "Key": "AUTHOR_ID",
        "Value": "U_DIG_MAS_1"
      },
      {
        "Key": "NIF",
        "Value": ""
      },
      {
        "Key": "CREATION_DATE",
        "Value": "25/11/2004 16:04:47"
      },
      {
        "Key": "AGRUPACION_ID",
        "Value": "002"
      },
      {
        "Key": "STORAGE",
        "Value": "A"
      },
      {
        "Key": "FILE_EXTENSION",
        "Value": "tif"
      },
      {
        "Key": "MIME_TYPE",
        "Value": "image/tiff"
      }
    ],
    [
      {
        "Key": "DOCNUM",
        "Value": "255116"
      },
      {
        "Key": "DOCNAME",
        "Value": "Doc. Previo #255116#"
      },
      {
        "Key": "ESTADO_DESC",
        "Value": "ACTIVO"
      },
      {
        "Key": "TIPO_ID",
        "Value": "4000"
      },
      {
        "Key": "TIPO_DESC",
        "Value": "DOC. PREVIO"
      },
      {
        "Key": "CIA_ID",
        "Value": "0001"
      },
      {
        "Key": "RAMO_ID",
        "Value": "21"
      },
      {
        "Key": "MODA_ID",
        "Value": "01"
      },
      {
        "Key": "SUBMODA_ID",
        "Value": "000"
      },
      {
        "Key": "COLECTIVA",
        "Value": "0"
      },
      {
        "Key": "CERTIFICADO",
        "Value": "356241"
      },
      {
        "Key": "AUTHOR_ID",
        "Value": "U_DIG_MAS_1"
      },
      {
        "Key": "NIF",
        "Value": ""
      },
      {
        "Key": "CREATION_DATE",
        "Value": "25/11/2004 16:20:27"
      },
      {
        "Key": "AGRUPACION_ID",
        "Value": "002"
      },
      {
        "Key": "STORAGE",
        "Value": "A"
      },
      {
        "Key": "FILE_EXTENSION",
        "Value": "tif"
      },
      {
        "Key": "MIME_TYPE",
        "Value": "image/tiff"
      }
    ],
    [
      {
        "Key": "DOCNUM",
        "Value": "255166"
      },
      {
        "Key": "DOCNAME",
        "Value": "Doc. Previo #255166#"
      },
      {
        "Key": "ESTADO_DESC",
        "Value": "ACTIVO"
      },
      {
        "Key": "TIPO_ID",
        "Value": "4000"
      },
      {
        "Key": "TIPO_DESC",
        "Value": "DOC. PREVIO"
      },
      {
        "Key": "CIA_ID",
        "Value": "0001"
      },
      {
        "Key": "RAMO_ID",
        "Value": "21"
      },
      {
        "Key": "MODA_ID",
        "Value": "01"
      },
      {
        "Key": "SUBMODA_ID",
        "Value": "000"
      },
      {
        "Key": "COLECTIVA",
        "Value": "0"
      },
      {
        "Key": "CERTIFICADO",
        "Value": "1111"
      },
      {
        "Key": "AUTHOR_ID",
        "Value": "U_DIG_MAS_1"
      },
      {
        "Key": "NIF",
        "Value": ""
      },
      {
        "Key": "CREATION_DATE",
        "Value": "25/11/2004 17:09:27"
      },
      {
        "Key": "AGRUPACION_ID",
        "Value": "002"
      },
      {
        "Key": "STORAGE",
        "Value": "A"
      },
      {
        "Key": "FILE_EXTENSION",
        "Value": "tif"
      },
      {
        "Key": "MIME_TYPE",
        "Value": "image/tiff"
      }
    ],
    [
      {
        "Key": "DOCNUM",
        "Value": "256226"
      },
      {
        "Key": "DOCNAME",
        "Value": "Doc. Previo #256226#"
      },
      {
        "Key": "ESTADO_DESC",
        "Value": "ACTIVO"
      },
      {
        "Key": "TIPO_ID",
        "Value": "4000"
      },
      {
        "Key": "TIPO_DESC",
        "Value": "DOC. PREVIO"
      },
      {
        "Key": "CIA_ID",
        "Value": "0001"
      },
      {
        "Key": "RAMO_ID",
        "Value": "29"
      },
      {
        "Key": "MODA_ID",
        "Value": "00"
      },
      {
        "Key": "SUBMODA_ID",
        "Value": "000"
      },
      {
        "Key": "COLECTIVA",
        "Value": "2"
      },
      {
        "Key": "CERTIFICADO",
        "Value": "2"
      },
      {
        "Key": "AUTHOR_ID",
        "Value": "U_DIG_MAS_1"
      },
      {
        "Key": "NIF",
        "Value": ""
      },
      {
        "Key": "CREATION_DATE",
        "Value": "26/11/2004 11:39:25"
      },
      {
        "Key": "AGRUPACION_ID",
        "Value": "002"
      },
      {
        "Key": "STORAGE",
        "Value": "A"
      },
      {
        "Key": "FILE_EXTENSION",
        "Value": "tif"
      },
      {
        "Key": "MIME_TYPE",
        "Value": "image/tiff"
      }
    ],
    [
      {
        "Key": "DOCNUM",
        "Value": "265887"
      },
      {
        "Key": "DOCNAME",
        "Value": "Doc. Previo #265887#"
      },
      {
        "Key": "ESTADO_DESC",
        "Value": "ACTIVO"
      },
      {
        "Key": "TIPO_ID",
        "Value": "4000"
      },
      {
        "Key": "TIPO_DESC",
        "Value": "DOC. PREVIO"
      },
      {
        "Key": "CIA_ID",
        "Value": "0001"
      },
      {
        "Key": "RAMO_ID",
        "Value": "29"
      },
      {
        "Key": "MODA_ID",
        "Value": "00"
      },
      {
        "Key": "SUBMODA_ID",
        "Value": "000"
      },
      {
        "Key": "COLECTIVA",
        "Value": "5"
      },
      {
        "Key": "CERTIFICADO",
        "Value": "5"
      },
      {
        "Key": "AUTHOR_ID",
        "Value": "U_DIG_INDEX_1"
      },
      {
        "Key": "NIF",
        "Value": ""
      },
      {
        "Key": "CREATION_DATE",
        "Value": "03/12/2004 11:44:22"
      },
      {
        "Key": "AGRUPACION_ID",
        "Value": "002"
      },
      {
        "Key": "STORAGE",
        "Value": "A"
      },
      {
        "Key": "FILE_EXTENSION",
        "Value": "tif"
      },
      {
        "Key": "MIME_TYPE",
        "Value": "image/tiff"
      }
    ],
    [
      {
        "Key": "DOCNUM",
        "Value": "279033"
      },
      {
        "Key": "DOCNAME",
        "Value": "Doc. Previo #279033#"
      },
      {
        "Key": "ESTADO_DESC",
        "Value": "ACTIVO"
      },
      {
        "Key": "TIPO_ID",
        "Value": "4000"
      },
      {
        "Key": "TIPO_DESC",
        "Value": "DOC. PREVIO"
      },
      {
        "Key": "CIA_ID",
        "Value": "0001"
      },
      {
        "Key": "RAMO_ID",
        "Value": "29"
      },
      {
        "Key": "MODA_ID",
        "Value": "00"
      },
      {
        "Key": "SUBMODA_ID",
        "Value": "000"
      },
      {
        "Key": "COLECTIVA",
        "Value": "2"
      },
      {
        "Key": "CERTIFICADO",
        "Value": "2"
      },
      {
        "Key": "AUTHOR_ID",
        "Value": "U_DIG_INDEX_1"
      },
      {
        "Key": "NIF",
        "Value": ""
      },
      {
        "Key": "CREATION_DATE",
        "Value": "09/12/2004 14:34:49"
      },
      {
        "Key": "AGRUPACION_ID",
        "Value": "002"
      },
      {
        "Key": "STORAGE",
        "Value": "A"
      },
      {
        "Key": "FILE_EXTENSION",
        "Value": "tif"
      },
      {
        "Key": "MIME_TYPE",
        "Value": "image/tiff"
      }
    ],
    [
      {
        "Key": "DOCNUM",
        "Value": "279042"
      },
      {
        "Key": "DOCNAME",
        "Value": "Doc. Previo #279042#"
      },
      {
        "Key": "ESTADO_DESC",
        "Value": "ACTIVO"
      },
      {
        "Key": "TIPO_ID",
        "Value": "4000"
      },
      {
        "Key": "TIPO_DESC",
        "Value": "DOC. PREVIO"
      },
      {
        "Key": "CIA_ID",
        "Value": "0001"
      },
      {
        "Key": "RAMO_ID",
        "Value": "11"
      },
      {
        "Key": "MODA_ID",
        "Value": "01"
      },
      {
        "Key": "SUBMODA_ID",
        "Value": "000"
      },
      {
        "Key": "COLECTIVA",
        "Value": "3"
      },
      {
        "Key": "CERTIFICADO",
        "Value": "3"
      },
      {
        "Key": "AUTHOR_ID",
        "Value": "U_DIG_INDEX_1"
      },
      {
        "Key": "NIF",
        "Value": ""
      },
      {
        "Key": "CREATION_DATE",
        "Value": "09/12/2004 14:40:41"
      },
      {
        "Key": "AGRUPACION_ID",
        "Value": "002"
      },
      {
        "Key": "STORAGE",
        "Value": "A"
      },
      {
        "Key": "FILE_EXTENSION",
        "Value": "tif"
      },
      {
        "Key": "MIME_TYPE",
        "Value": "image/tiff"
      }
    ],
    [
      {
        "Key": "DOCNUM",
        "Value": "549925"
      },
      {
        "Key": "DOCNAME",
        "Value": "Doc. Previo #549925#"
      },
      {
        "Key": "ESTADO_DESC",
        "Value": "ACTIVO"
      },
      {
        "Key": "TIPO_ID",
        "Value": "4000"
      },
      {
        "Key": "TIPO_DESC",
        "Value": "DOC. PREVIO"
      },
      {
        "Key": "CIA_ID",
        "Value": "0001"
      },
      {
        "Key": "RAMO_ID",
        "Value": "29"
      },
      {
        "Key": "MODA_ID",
        "Value": "00"
      },
      {
        "Key": "SUBMODA_ID",
        "Value": "000"
      },
      {
        "Key": "COLECTIVA",
        "Value": "1"
      },
      {
        "Key": "CERTIFICADO",
        "Value": "1"
      },
      {
        "Key": "AUTHOR_ID",
        "Value": "DM_PROD"
      },
      {
        "Key": "NIF",
        "Value": ""
      },
      {
        "Key": "CREATION_DATE",
        "Value": "14/12/2004 11:29:09"
      },
      {
        "Key": "AGRUPACION_ID",
        "Value": "002"
      },
      {
        "Key": "STORAGE",
        "Value": "A"
      },
      {
        "Key": "FILE_EXTENSION",
        "Value": "pdf"
      },
      {
        "Key": "MIME_TYPE",
        "Value": "application/pdf"
      }
    ],
    [
      {
        "Key": "DOCNUM",
        "Value": "1608902"
      },
      {
        "Key": "DOCNAME",
        "Value": " #1608902#"
      },
      {
        "Key": "ESTADO_DESC",
        "Value": "ACTIVO"
      },
      {
        "Key": "TIPO_ID",
        "Value": "4000"
      },
      {
        "Key": "TIPO_DESC",
        "Value": "DOC. PREVIO"
      },
      {
        "Key": "CIA_ID",
        "Value": "0001"
      },
      {
        "Key": "RAMO_ID",
        "Value": "29"
      },
      {
        "Key": "MODA_ID",
        "Value": "00"
      },
      {
        "Key": "SUBMODA_ID",
        "Value": "000"
      },
      {
        "Key": "COLECTIVA",
        "Value": "1"
      },
      {
        "Key": "CERTIFICADO",
        "Value": "1"
      },
      {
        "Key": "AUTHOR_ID",
        "Value": "ADMINISTRADOR"
      },
      {
        "Key": "NIF",
        "Value": ""
      },
      {
        "Key": "CREATION_DATE",
        "Value": "20/01/2005 11:12:25"
      },
      {
        "Key": "AGRUPACION_ID",
        "Value": "002"
      },
      {
        "Key": "STORAGE",
        "Value": "A"
      },
      {
        "Key": "FILE_EXTENSION",
        "Value": "msg"
      },
      {
        "Key": "MIME_TYPE",
        "Value": "application/vnd.ms-outlook"
      }
    ],
    [
      {
        "Key": "DOCNUM",
        "Value": "549925312"
      },
      {
        "Key": "DOCNAME",
        "Value": "Doc. Previo #549925#"
      },
      {
        "Key": "ESTADO_DESC",
        "Value": "ACTIVO"
      },
      {
        "Key": "TIPO_ID",
        "Value": "4000"
      },
      {
        "Key": "TIPO_DESC",
        "Value": "DOC. PREVIO"
      },
      {
        "Key": "CIA_ID",
        "Value": "0001"
      },
      {
        "Key": "RAMO_ID",
        "Value": "29"
      },
      {
        "Key": "MODA_ID",
        "Value": "00"
      },
      {
        "Key": "SUBMODA_ID",
        "Value": "000"
      },
      {
        "Key": "COLECTIVA",
        "Value": "1"
      },
      {
        "Key": "CERTIFICADO",
        "Value": "1"
      },
      {
        "Key": "AUTHOR_ID",
        "Value": "DM_PROD"
      },
      {
        "Key": "NIF",
        "Value": ""
      },
      {
        "Key": "CREATION_DATE",
        "Value": "14/12/2004 11:29:09"
      },
      {
        "Key": "AGRUPACION_ID",
        "Value": "002"
      },
      {
        "Key": "STORAGE",
        "Value": "A"
      },
      {
        "Key": "FILE_EXTENSION",
        "Value": "pdf"
      },
      {
        "Key": "MIME_TYPE",
        "Value": "application/pdf"
      }
    ],
    [
      {
        "Key": "DOCNUM",
        "Value": "160890212"
      },
      {
        "Key": "DOCNAME",
        "Value": " #1608902#"
      },
      {
        "Key": "ESTADO_DESC",
        "Value": "ACTIVO"
      },
      {
        "Key": "TIPO_ID",
        "Value": "4000"
      },
      {
        "Key": "TIPO_DESC",
        "Value": "DOC. PREVIO"
      },
      {
        "Key": "CIA_ID",
        "Value": "0001"
      },
      {
        "Key": "RAMO_ID",
        "Value": "29"
      },
      {
        "Key": "MODA_ID",
        "Value": "00"
      },
      {
        "Key": "SUBMODA_ID",
        "Value": "000"
      },
      {
        "Key": "COLECTIVA",
        "Value": "1"
      },
      {
        "Key": "CERTIFICADO",
        "Value": "1"
      },
      {
        "Key": "AUTHOR_ID",
        "Value": "ADMINISTRADOR"
      },
      {
        "Key": "NIF",
        "Value": ""
      },
      {
        "Key": "CREATION_DATE",
        "Value": "20/01/2005 11:12:25"
      },
      {
        "Key": "AGRUPACION_ID",
        "Value": "002"
      },
      {
        "Key": "STORAGE",
        "Value": "A"
      },
      {
        "Key": "FILE_EXTENSION",
        "Value": "msg"
      },
      {
        "Key": "MIME_TYPE",
        "Value": "application/vnd.ms-outlook"
      }
    ]
  ],
  "Titles": [
    {
      "Key": "DOCNUM",
      "Value": "Nº"
    },
    {
      "Key": "DOCNAME",
      "Value": "Nombre del documento"
    },
    {
      "Key": "ESTADO_DESC",
      "Value": "Estado"
    },
    {
      "Key": "TIPO_ID",
      "Value": "Tipo ID"
    },
    {
      "Key": "TIPO_DESC",
      "Value": "Tipo"
    },
    {
      "Key": "CIA_ID",
      "Value": "Cía ID"
    },
    {
      "Key": "RAMO_ID",
      "Value": "Ramo ID"
    },
    {
      "Key": "MODA_ID",
      "Value": "Moda ID"
    },
    {
      "Key": "SUBMODA_ID",
      "Value": "Submoda ID"
    },
    {
      "Key": "COLECTIVA",
      "Value": "Colectiva"
    },
    {
      "Key": "CERTIFICADO",
      "Value": "Certificado"
    },
    {
      "Key": "AUTHOR_ID",
      "Value": "Autor"
    },
    {
      "Key": "NIF",
      "Value": "Nif"
    },
    {
      "Key": "CREATION_DATE",
      "Value": "Fecha de creación"
    },
    {
      "Key": "AGRUPACION_ID",
      "Value": "Agrupación ID"
    },
    {
      "Key": "STORAGE",
      "Value": "Tip&o retención"
    },
    {
      "Key": "APP_ID",
      "Value": "Ap&licación:"
    }
  ]
}
