[
  {
    "id": "prestaciones",
    "title": "Prestaciones",
    "route": "http://localhost:4202"
  },
  {
    "id": "recobros",
    "title": "Recobros",
    "route": "http://localhost:4206",
    "options": [
      {
        "title": "Acerca de",
        "route": "/acerca-de"
      },
      {
        "title": "Administración",
        "options": [
          {
            "title": "Usuarios",
            "options": [
              {
                "title": "Prueba",
                "route": "/administracion/usuarios/prueba"
              }
            ]
          },
          {
            "title": "Roles",
            "route": "/administracion/roles"
          },
          {
            "title": "Acciones",
            "route": "/administracion/acciones"
          }
        ]
      },
      {
        "title": "Movimientos Bancarios",
        "options": [
          {
            "title": "Consultar Movimientos Bancarios",
            "route": "/movimientos-bancarios/consultar-movimientos-bancarios"
          },
          {
            "title": "Gestión Movimientos Bancarios",
            "route": "/movimientos-bancarios/gestion-movimientos-bancarios"
          }
        ]
      },
      {
        "title": "Recobros",
        "options": [
          {
            "title": "Consultar Recobros PAP",
            "route": "/recobros/consultar-recobros-pap"
          },
          {
            "title": "Gestión Recobros PAP",
            "route": "/recobros/gestion-recobros-pap"
          }
        ]
      },
      {
        "title": "Parametrización",
        "options": [
          {
            "title": "Parametrización Bancos Propios",
            "route": "/parametrizacion/parametrizacion-bancos-propios"
          }
        ]
      }
    ]
  },
  {
    "title": "Campaña de Retención",
    "id": "retenciones",
    "route": "http://localhost:4208",
    "options": [
      {
        "title":"Gestión de Usuarios",
        "route": "/user-management"
      },
      {
        "title":"Campaña Técnica",
        "route":"",
        "options": [
          {
            "title":"Gestión de Campañas Técnicas",
            "route":"/technical-campaign/technical-campaign-management"
          }
        ]
      },
      {
        "title":"Campaña Negocio",
        "route":"",
        "options": [
          {
            "title":"Gestión de Campañas de Negocio",
            "route":"/business-campaign/business-campaign-management"
          },
          {
            "title":"Consulta de pólizas en fichero/campaña",
            "route":"/business-campaign/policies-consultation"
          }
        ]
      }
    ]
  },
  {
    "title": "Fidelización",
    "id": "fidelizacion",
    "route": "http://localhost:4207",
    "options": [
      {
        "title":"Pricing y renovación",
        "route": "",
        "options": [
          {
            "title":"Simulación",
            "route":"/pricing/simulation"
          },
          {
            "title":"Consulta descuentos",
            "route":"/pricing/check-discounts"
          },
          {
            "title":"Auditoría de precios",
            "route":"/pricing/audit-prices"
          }
        ]
      },
      {
        "title":"Taller de packs multiseguro",
        "route":"",
        "options": [
          {
            "title":"Taller de packs",
            "route":"/multi-insurance-pack-workshop/pack-workshop"
          }
        ]
      }
    ]
  }
]
